,model_type,std,val_mse,mse,total_training_time
0,RNN,0.1,0.024310903623700142,0.07078591734170914,87.23570775985718
1,RNN,1.0,0.024310903623700142,0.07078591734170914,89.18108177185059
2,RNN,10.0,0.024310903623700142,0.07078591734170914,89.8641197681427
3,LSTM,0.1,0.0012447573244571686,0.011244015768170357,416.2112355232239
4,LSTM,1.0,0.0012447573244571686,0.011244015768170357,557.4375817775726
5,LSTM,10.0,0.0012447573244571686,0.011244015768170357,741.1798520088196
