,model_type,std,val_mse,mse,total_training_time
0,RNN,0.1,0.024310903623700142,0.07078591734170914,96.4607527256012
1,RNN,1.0,0.024310903623700142,0.07078591734170914,111.79625415802002
2,RNN,10.0,0.024310903623700142,0.07078591734170914,114.78754210472107
3,LSTM,0.1,0.0012447573244571686,0.011244015768170357,701.4806990623474
4,LSTM,1.0,0.0012447573244571686,0.011244015768170357,674.5793824195862
5,LSTM,10.0,0.0012447573244571686,0.011244015768170357,635.6571853160858
