,model_type,std,val_mse,mse,total_training_time
0,RNN,0.1,0.0009849951602518559,0.009762887842953205,622.0619192123413
1,RNN,1.0,0.0009849951602518559,0.009762887842953205,588.0566544532776
2,RNN,10.0,0.0009849951602518559,0.009762887842953205,565.2647185325623
3,LSTM,0.1,0.001146532129496336,0.007237441837787628,2143.0603563785553
4,LSTM,1.0,0.001146532129496336,0.007237441837787628,2256.572817802429
5,LSTM,10.0,0.001146532129496336,0.007237441837787628,2357.3081328868866
