,model_type,std,val_mse,mse,total_training_time
0,RNN,0.1,0.05750453844666481,0.06919918209314346,15394.060497045517
1,RNN,1.0,0.8628667593002319,0.7645780444145203,423.527934551239
2,RNN,10.0,0.9762060046195984,1.004532814025879,423.19982981681824
3,LSTM,0.1,0.025339672341942787,0.02975737676024437,2397.794317483902
4,LSTM,1.0,0.8310903310775757,0.45577600598335266,2436.0726013183594
5,LSTM,10.0,1.1343977451324463,0.9707682132720947,2868.9850449562073
