,model_type,past_history_size,val_mse,mse,total_training_time
0,RNN,7,0.8749745488166809,0.7194225192070007,26.76924467086792
1,RNN,70,1.1723605394363403,0.08843906223773956,132.69346451759338
2,RNN,140,0.80389404296875,0.8082600831985474,226.44713854789734
3,RNN,364,1.3020944595336914,0.07082626968622208,479.0073070526123
4,LSTM,7,0.9436426758766174,0.620997428894043,94.1671793460846
5,LSTM,70,0.9241551160812378,0.5831885933876038,670.3778111934662
6,LSTM,140,0.800834596157074,0.5681595802307129,1391.4586627483368
7,LSTM,364,1.0677918195724487,0.5753635764122009,2983.1450645923615
