,model_type,past_history_size,val_mse,mse,total_training_time
0,RNN,7,0.0007228073664009571,0.00831622164696455,27.377502918243408
1,RNN,70,0.003937841858714819,0.01052111852914095,122.82700729370117
2,RNN,140,0.008690275251865387,0.013349080458283424,233.04575324058533
3,RNN,364,0.006082180421799421,0.020789731293916702,477.0302767753601
4,LSTM,7,0.00037507995148189366,0.006856800988316536,89.10284423828125
5,LSTM,70,0.0023240516893565655,0.00793635006994009,544.5269389152527
6,LSTM,140,,,1041.461305141449
7,LSTM,364,0.0007906469400040805,0.008078678511083126,2171.255002260208
