,model_type,past_history_size,val_mse,mse,total_training_time
0,RNN,35,0.027885202318429947,0.06880312412977219,10.644364356994629
1,LSTM,35,0.038581639528274536,0.07630589604377747,42.07471179962158
