,model_type,past_history_size,val_mse,mse,total_training_time
0,RNN,70,0.0465555340051651,0.047805480659008026,26.1751389503479
1,LSTM,70,0.046673599630594254,0.05263679474592209,101.41310954093933
