,model_type,past_history_size,val_mse,mse,total_training_time
0,RNN,70,0.03160848841071129,0.05910133197903633,37.010863065719604
1,LSTM,70,0.21614032983779907,0.6754945516586304,157.3052589893341
