,model_type,past_history_size,val_mse,mse,total_training_time
0,RNN,35,0.050685983151197433,0.05318867042660713,10.172425508499146
1,LSTM,35,0.045887988060712814,0.05389876291155815,41.74878549575806
